epoch,time,train/ce_loss,train/dice_loss,train/aux_loss,metrics/mIoU,metrics/pixel_acc,val/ce_loss,val/dice_loss,val/aux_loss,lr/pg0,lr/pg1,lr/pg2,lr/pg3,lr/pg4,lr/pg5,lr/pg6,lr/pg7
1,600.156,0.33446,0.93875,0.21736,0.09918,0.98665,0.06749,0.933,0,0.00996528,0.00332176,0.00996528,0.00332176,0.00996528,0.00332176,0.00996528,0.00332176
2,1188.55,0.04776,0.86552,0.01753,0.15056,0.98139,0.08716,0.92191,0,0.0197676,0.00658921,0.0197676,0.00658921,0.0197676,0.00658921,0.0197676,0.00658921
3,1769.31,0.0497,0.83354,0.01591,0.13473,0.94532,0.19784,0.91873,0,0.029372,0.00979066,0.029372,0.00979066,0.029372,0.00979066,0.029372,0.00979066
4,2350.08,0.10785,0.59374,0.01819,0.07297,0.98708,0.17383,0.2314,0,0.029109,0.009703,0.029109,0.009703,0.029109,0.009703,0.029109,0.009703
5,2930.9,0.12171,0.5356,0.01778,0.07509,0.98164,0.17394,0.23148,0,0.028812,0.009604,0.028812,0.009604,0.028812,0.009604,0.028812,0.009604
6,3512.12,0.11514,0.52055,0.01656,0.08635,0.98547,0.16452,0.22728,0,0.028515,0.009505,0.028515,0.009505,0.028515,0.009505,0.028515,0.009505
7,4093.19,0.11584,0.51079,0.01682,0.09497,0.97336,0.19574,0.22818,0,0.028218,0.009406,0.028218,0.009406,0.028218,0.009406,0.028218,0.009406
8,4674.04,0.10505,0.52151,0.01544,0.08415,0.98024,0.14908,0.29541,0,0.027921,0.009307,0.027921,0.009307,0.027921,0.009307,0.027921,0.009307
9,5255.14,0.09505,0.51689,0.01487,0.11921,0.98192,0.13957,0.27929,0,0.027624,0.009208,0.027624,0.009208,0.027624,0.009208,0.027624,0.009208
10,5836.22,0.09555,0.51612,0.01486,0.1092,0.98619,0.14134,0.28866,0,0.027327,0.009109,0.027327,0.009109,0.027327,0.009109,0.027327,0.009109
11,6417.13,0.10104,0.50311,0.01579,0.10764,0.9828,0.13574,0.28912,0,0.02703,0.00901,0.02703,0.00901,0.02703,0.00901,0.02703,0.00901
12,6998.37,0.08842,0.50464,0.01344,0.10622,0.98083,0.14523,0.27603,0,0.026733,0.008911,0.026733,0.008911,0.026733,0.008911,0.026733,0.008911
13,7579.36,0.09006,0.50874,0.01344,0.1197,0.98396,0.13651,0.27031,0,0.026436,0.008812,0.026436,0.008812,0.026436,0.008812,0.026436,0.008812
14,8159.89,0.09466,0.51635,0.01412,0.11329,0.97649,0.14294,0.28512,0,0.026139,0.008713,0.026139,0.008713,0.026139,0.008713,0.026139,0.008713
15,8740.88,0.08848,0.50329,0.01333,0.12367,0.97968,0.14167,0.2733,0,0.025842,0.008614,0.025842,0.008614,0.025842,0.008614,0.025842,0.008614
16,9321.98,0.08105,0.49678,0.01233,0.12427,0.97966,0.14223,0.27688,0,0.025545,0.008515,0.025545,0.008515,0.025545,0.008515,0.025545,0.008515
17,9902.81,0.08971,0.50355,0.0135,0.12381,0.97977,0.14225,0.29171,0,0.025248,0.008416,0.025248,0.008416,0.025248,0.008416,0.025248,0.008416
18,10483.6,0.09028,0.51074,0.01291,0.13766,0.98619,0.12827,0.27627,0,0.024951,0.008317,0.024951,0.008317,0.024951,0.008317,0.024951,0.008317
19,11064.8,0.08607,0.50222,0.01299,0.14164,0.98555,0.12331,0.28735,0,0.024654,0.008218,0.024654,0.008218,0.024654,0.008218,0.024654,0.008218
20,11645.9,0.08856,0.49126,0.01327,0.14345,0.98215,0.13104,0.30312,0,0.024357,0.008119,0.024357,0.008119,0.024357,0.008119,0.024357,0.008119
21,12227.1,0.08631,0.51698,0.01272,0.15135,0.98453,0.12244,0.3147,0,0.02406,0.00802,0.02406,0.00802,0.02406,0.00802,0.02406,0.00802
22,12807.8,0.08365,0.50178,0.01243,0.13421,0.98448,0.12869,0.27433,0,0.023763,0.007921,0.023763,0.007921,0.023763,0.007921,0.023763,0.007921
23,13389,0.0822,0.50264,0.01242,0.13828,0.98517,0.12907,0.27349,0,0.023466,0.007822,0.023466,0.007822,0.023466,0.007822,0.023466,0.007822
24,13969.8,0.08323,0.49164,0.01228,0.14012,0.9815,0.1397,0.31042,0,0.023169,0.007723,0.023169,0.007723,0.023169,0.007723,0.023169,0.007723
25,14550.9,0.08415,0.48061,0.01261,0.14058,0.98306,0.12993,0.27838,0,0.022872,0.007624,0.022872,0.007624,0.022872,0.007624,0.022872,0.007624
26,15132,0.08739,0.48459,0.013,0.15666,0.98562,0.11765,0.28883,0,0.022575,0.007525,0.022575,0.007525,0.022575,0.007525,0.022575,0.007525
27,15713.4,0.07958,0.49569,0.01172,0.12492,0.98619,0.12712,0.28833,0,0.022278,0.007426,0.022278,0.007426,0.022278,0.007426,0.022278,0.007426
28,16294.2,0.08036,0.49032,0.01221,0.14836,0.98616,0.1181,0.27236,0,0.021981,0.007327,0.021981,0.007327,0.021981,0.007327,0.021981,0.007327
29,16874.9,0.08143,0.492,0.01204,0.1606,0.98481,0.11999,0.29705,0,0.021684,0.007228,0.021684,0.007228,0.021684,0.007228,0.021684,0.007228
30,17456,0.08155,0.50087,0.01222,0.15529,0.98487,0.11698,0.29793,0,0.021387,0.007129,0.021387,0.007129,0.021387,0.007129,0.021387,0.007129
31,18037.2,0.07815,0.484,0.01139,0.14391,0.98307,0.1286,0.28396,0,0.02109,0.00703,0.02109,0.00703,0.02109,0.00703,0.02109,0.00703
32,18618.1,0.07888,0.49284,0.01158,0.17361,0.98766,0.11228,0.27602,0,0.020793,0.006931,0.020793,0.006931,0.020793,0.006931,0.020793,0.006931
33,19198.7,0.07764,0.48708,0.01121,0.16677,0.98472,0.11433,0.28816,0,0.020496,0.006832,0.020496,0.006832,0.020496,0.006832,0.020496,0.006832
34,19779.7,0.0792,0.48838,0.01166,0.16854,0.98771,0.11452,0.27785,0,0.020199,0.006733,0.020199,0.006733,0.020199,0.006733,0.020199,0.006733
35,20360.3,0.08074,0.47012,0.01167,0.17358,0.98455,0.11601,0.29549,0,0.019902,0.006634,0.019902,0.006634,0.019902,0.006634,0.019902,0.006634
36,20941.4,0.07853,0.48231,0.01197,0.16775,0.98343,0.12099,0.32578,0,0.019605,0.006535,0.019605,0.006535,0.019605,0.006535,0.019605,0.006535
37,21522.5,0.07475,0.47351,0.01122,0.1687,0.98773,0.11337,0.27953,0,0.019308,0.006436,0.019308,0.006436,0.019308,0.006436,0.019308,0.006436
38,22103.5,0.07254,0.4757,0.01059,0.16672,0.98406,0.12058,0.28142,0,0.019011,0.006337,0.019011,0.006337,0.019011,0.006337,0.019011,0.006337
39,22684.6,0.07374,0.46985,0.01092,0.16586,0.98581,0.11758,0.28108,0,0.018714,0.006238,0.018714,0.006238,0.018714,0.006238,0.018714,0.006238
40,23265.5,0.07384,0.47248,0.01069,0.18022,0.98674,0.10908,0.2876,0,0.018417,0.006139,0.018417,0.006139,0.018417,0.006139,0.018417,0.006139
41,23846.8,0.07195,0.47327,0.01032,0.1765,0.98549,0.11227,0.28618,0,0.01812,0.00604,0.01812,0.00604,0.01812,0.00604,0.01812,0.00604
42,24428,0.07343,0.48472,0.01058,0.1773,0.98418,0.11612,0.29455,0,0.017823,0.005941,0.017823,0.005941,0.017823,0.005941,0.017823,0.005941
43,25009.7,0.06995,0.48618,0.01013,0.18712,0.98686,0.11009,0.29455,0,0.017526,0.005842,0.017526,0.005842,0.017526,0.005842,0.017526,0.005842
44,25590.4,0.06809,0.47028,0.01054,0.18944,0.98548,0.1108,0.30816,0,0.017229,0.005743,0.017229,0.005743,0.017229,0.005743,0.017229,0.005743
45,26171.2,0.07473,0.475,0.01097,0.18188,0.98466,0.11507,0.30021,0,0.016932,0.005644,0.016932,0.005644,0.016932,0.005644,0.016932,0.005644
46,26752.3,0.06785,0.47338,0.01002,0.16148,0.98222,0.1238,0.30363,0,0.016635,0.005545,0.016635,0.005545,0.016635,0.005545,0.016635,0.005545
47,27333,0.06869,0.47312,0.01001,0.18494,0.9855,0.11299,0.30244,0,0.016338,0.005446,0.016338,0.005446,0.016338,0.005446,0.016338,0.005446
48,27913.9,0.07097,0.4824,0.01005,0.19691,0.98529,0.10904,0.31726,0,0.016041,0.005347,0.016041,0.005347,0.016041,0.005347,0.016041,0.005347
49,28494.8,0.06532,0.45854,0.00998,0.21348,0.98736,0.10281,0.29959,0,0.015744,0.005248,0.015744,0.005248,0.015744,0.005248,0.015744,0.005248
50,29075.9,0.06497,0.4462,0.00986,0.20855,0.98648,0.10601,0.30754,0,0.015447,0.005149,0.015447,0.005149,0.015447,0.005149,0.015447,0.005149
51,29656.9,0.0687,0.45704,0.01011,0.21284,0.986,0.10624,0.30696,0,0.01515,0.00505,0.01515,0.00505,0.01515,0.00505,0.01515,0.00505
52,30237.8,0.07142,0.45862,0.01011,0.22074,0.98733,0.10212,0.26964,0,0.014853,0.004951,0.014853,0.004951,0.014853,0.004951,0.014853,0.004951
53,30818.4,0.07157,0.45527,0.01012,0.19409,0.98585,0.10983,0.25159,0,0.014556,0.004852,0.014556,0.004852,0.014556,0.004852,0.014556,0.004852
54,31399.6,0.06702,0.45199,0.00961,0.21516,0.98694,0.10151,0.28354,0,0.014259,0.004753,0.014259,0.004753,0.014259,0.004753,0.014259,0.004753
55,31981.6,0.06669,0.43488,0.00978,0.2203,0.9868,0.10516,0.28819,0,0.013962,0.004654,0.013962,0.004654,0.013962,0.004654,0.013962,0.004654
56,32562.4,0.06555,0.44697,0.0095,0.2209,0.98737,0.10282,0.26832,0,0.013665,0.004555,0.013665,0.004555,0.013665,0.004555,0.013665,0.004555
57,33142.8,0.05999,0.43759,0.00903,0.2273,0.98781,0.10122,0.27411,0,0.013368,0.004456,0.013368,0.004456,0.013368,0.004456,0.013368,0.004456
58,33725.3,0.06465,0.43573,0.00965,0.24026,0.98697,0.1045,0.28448,0,0.013071,0.004357,0.013071,0.004357,0.013071,0.004357,0.013071,0.004357
59,34306,0.0669,0.46199,0.00972,0.23509,0.98689,0.10101,0.28826,0,0.012774,0.004258,0.012774,0.004258,0.012774,0.004258,0.012774,0.004258
60,34886.7,0.0623,0.43359,0.00897,0.2346,0.98768,0.09998,0.27388,0,0.012477,0.004159,0.012477,0.004159,0.012477,0.004159,0.012477,0.004159
61,35467.7,0.06184,0.4304,0.00864,0.22743,0.98682,0.10475,0.26811,0,0.01218,0.00406,0.01218,0.00406,0.01218,0.00406,0.01218,0.00406
62,36048.3,0.06455,0.44697,0.00926,0.2183,0.98552,0.10893,0.29885,0,0.011883,0.003961,0.011883,0.003961,0.011883,0.003961,0.011883,0.003961
63,36628.9,0.06473,0.44746,0.00941,0.22295,0.98728,0.10422,0.27864,0,0.011586,0.003862,0.011586,0.003862,0.011586,0.003862,0.011586,0.003862
64,37209.7,0.06472,0.44637,0.00907,0.22249,0.98796,0.10207,0.2731,0,0.011289,0.003763,0.011289,0.003763,0.011289,0.003763,0.011289,0.003763
65,37790.4,0.06041,0.41917,0.00892,0.2428,0.98842,0.09672,0.26787,0,0.010992,0.003664,0.010992,0.003664,0.010992,0.003664,0.010992,0.003664
66,38371.3,0.06031,0.43133,0.00854,0.24621,0.98809,0.09606,0.27663,0,0.010695,0.003565,0.010695,0.003565,0.010695,0.003565,0.010695,0.003565
67,38952.2,0.06093,0.43176,0.00852,0.24646,0.98886,0.09617,0.25528,0,0.010398,0.003466,0.010398,0.003466,0.010398,0.003466,0.010398,0.003466
68,39532.8,0.06038,0.41728,0.00868,0.24392,0.98883,0.09717,0.24574,0,0.010101,0.003367,0.010101,0.003367,0.010101,0.003367,0.010101,0.003367
69,40113.4,0.05914,0.42248,0.00839,0.25934,0.989,0.0934,0.25776,0,0.009804,0.003268,0.009804,0.003268,0.009804,0.003268,0.009804,0.003268
70,40694.3,0.0589,0.42503,0.00857,0.26709,0.98916,0.09213,0.26624,0,0.009507,0.003169,0.009507,0.003169,0.009507,0.003169,0.009507,0.003169
71,41275.4,0.05797,0.42718,0.00851,0.27259,0.98943,0.09,0.27861,0,0.00921,0.00307,0.00921,0.00307,0.00921,0.00307,0.00921,0.00307
72,41856.9,0.0568,0.425,0.00839,0.27449,0.98887,0.09145,0.28388,0,0.008913,0.002971,0.008913,0.002971,0.008913,0.002971,0.008913,0.002971
73,42437.8,0.05929,0.42066,0.00839,0.27699,0.98899,0.09152,0.27937,0,0.008616,0.002872,0.008616,0.002872,0.008616,0.002872,0.008616,0.002872
74,43018.3,0.05633,0.41139,0.00812,0.28034,0.98938,0.09073,0.26806,0,0.008319,0.002773,0.008319,0.002773,0.008319,0.002773,0.008319,0.002773
75,43599.1,0.05866,0.42238,0.00823,0.28808,0.98978,0.08974,0.26024,0,0.008022,0.002674,0.008022,0.002674,0.008022,0.002674,0.008022,0.002674
76,44180,0.05792,0.38444,0.00837,0.29635,0.99011,0.0889,0.24769,0,0.007725,0.002575,0.007725,0.002575,0.007725,0.002575,0.007725,0.002575
77,44761.3,0.0541,0.39092,0.00758,0.30218,0.99049,0.08685,0.23652,0,0.007428,0.002476,0.007428,0.002476,0.007428,0.002476,0.007428,0.002476
78,45342.1,0.05787,0.39303,0.00821,0.29855,0.99014,0.08917,0.23533,0,0.007131,0.002377,0.007131,0.002377,0.007131,0.002377,0.007131,0.002377
79,45923.4,0.0546,0.40046,0.00782,0.30995,0.99032,0.08783,0.23651,0,0.006834,0.002278,0.006834,0.002278,0.006834,0.002278,0.006834,0.002278
80,46504.3,0.0563,0.39874,0.00784,0.31703,0.99019,0.08764,0.24224,0,0.006537,0.002179,0.006537,0.002179,0.006537,0.002179,0.006537,0.002179
81,47085.5,0.05246,0.39527,0.00747,0.32085,0.98989,0.08763,0.25396,0,0.00624,0.00208,0.00624,0.00208,0.00624,0.00208,0.00624,0.00208
82,47666.1,0.054,0.39088,0.00783,0.3204,0.98947,0.08771,0.26195,0,0.005943,0.001981,0.005943,0.001981,0.005943,0.001981,0.005943,0.001981
83,48247.3,0.05194,0.392,0.00734,0.3196,0.98921,0.08849,0.26853,0,0.005646,0.001882,0.005646,0.001882,0.005646,0.001882,0.005646,0.001882
84,48828.3,0.05128,0.37367,0.00732,0.3209,0.98921,0.08794,0.27247,0,0.005349,0.001783,0.005349,0.001783,0.005349,0.001783,0.005349,0.001783
85,49409.4,0.05284,0.37646,0.0075,0.32652,0.98948,0.08709,0.2652,0,0.005052,0.001684,0.005052,0.001684,0.005052,0.001684,0.005052,0.001684
86,49990.9,0.05239,0.38283,0.00754,0.33467,0.98974,0.0857,0.26529,0,0.004755,0.001585,0.004755,0.001585,0.004755,0.001585,0.004755,0.001585
87,50572.8,0.05455,0.37605,0.0079,0.33789,0.98992,0.08472,0.26336,0,0.004458,0.001486,0.004458,0.001486,0.004458,0.001486,0.004458,0.001486
88,51153.7,0.05217,0.37409,0.00758,0.34479,0.99019,0.0838,0.26279,0,0.004161,0.001387,0.004161,0.001387,0.004161,0.001387,0.004161,0.001387
89,51734.5,0.04899,0.37013,0.00716,0.34949,0.99027,0.08281,0.26681,0,0.003864,0.001288,0.003864,0.001288,0.003864,0.001288,0.003864,0.001288
90,52315.3,0.05086,0.39226,0.0071,0.35135,0.99024,0.08261,0.27471,0,0.003567,0.001189,0.003567,0.001189,0.003567,0.001189,0.003567,0.001189
91,52866.5,0.20987,0.52398,0.03258,0.35513,0.99014,0.08059,0.2775,0,0.00327,0.00109,0.00327,0.00109,0.00327,0.00109,0.00327,0.00109
92,53418.2,0.15249,0.47728,0.02364,0.36617,0.99046,0.07715,0.2798,0,0.002973,0.000991,0.002973,0.000991,0.002973,0.000991,0.002973,0.000991
93,53969.9,0.14338,0.452,0.02213,0.37725,0.99084,0.07433,0.27583,0,0.002676,0.000892,0.002676,0.000892,0.002676,0.000892,0.002676,0.000892
94,54522.4,0.13657,0.44387,0.02063,0.38637,0.99112,0.07233,0.266,0,0.002379,0.000793,0.002379,0.000793,0.002379,0.000793,0.002379,0.000793
95,55073.4,0.13162,0.42897,0.02023,0.39371,0.99135,0.07066,0.263,0,0.002082,0.000694,0.002082,0.000694,0.002082,0.000694,0.002082,0.000694
96,55624,0.12499,0.42127,0.01906,0.40164,0.99164,0.06904,0.26066,0,0.001785,0.000595,0.001785,0.000595,0.001785,0.000595,0.001785,0.000595
97,56175.2,0.12532,0.40982,0.01924,0.40932,0.99189,0.06762,0.25414,0,0.001488,0.000496,0.001488,0.000496,0.001488,0.000496,0.001488,0.000496
98,56726.3,0.12145,0.39814,0.01848,0.41603,0.99212,0.06653,0.2493,0,0.001191,0.000397,0.001191,0.000397,0.001191,0.000397,0.001191,0.000397
99,57276.5,0.11874,0.40142,0.01834,0.4209,0.99229,0.06566,0.24614,0,0.000894,0.000298,0.000894,0.000298,0.000894,0.000298,0.000894,0.000298
100,57827.9,0.11656,0.39241,0.01814,0.42523,0.99244,0.0647,0.24333,0,0.000597,0.000199,0.000597,0.000199,0.000597,0.000199,0.000597,0.000199
